x_m,area_m2,temperature_change_K,u_analytical_m,u_deep_ritz_m,absolute_error_m,stress_analytical_Pa,stress_deep_ritz_Pa
0.0,0.001,0.0,0.0,0.0,0.0,10000000.0,10141482.171678107
0.0025062656641604,0.0009999811562523,0.2506265664160401,1.2908289089442409e-07,1.307988913957562e-07,1.716000501332107e-09,10000188.44102738,10132616.207679974
0.0050125313283208,0.0009999246292702,0.5012531328320802,2.657081457168339e-07,2.690280444059064e-07,3.3198986890724793e-09,10000753.764109522,10124344.270564215
0.0075187969924812,0.0009998304318335,0.7518796992481203,4.098804872999957e-07,4.146948977754202e-07,4.814410475424516e-09,10001695.969246425,10116665.523147184
0.0100250626566416,0.0009996985852344,1.0025062656641603,5.616046384766761e-07,5.678068794904326e-07,6.202241013756469e-09,10003015.056438088,10109579.085479792
0.012531328320802,0.0009995291192646,1.2531328320802004,7.208853220796415e-07,7.283714062415189e-07,7.486084161877372e-09,10004711.025684511,10103084.034720289
0.0150375939849624,0.0009993220721993,1.5037593984962403,8.877272609416582e-07,8.963958828854894e-07,8.668621943831248e-09,10006783.876985695,10097179.405024374
0.0175438596491228,0.0009990774907749,1.7543859649122806,1.0621351778954927e-06,1.0718877019059109e-06,9.752524010418125e-09,10009233.610341642,10091864.187452666
0.0200501253132832,0.0009987954301631,2.0050125313283207,1.2441137957739114e-06,1.2548542428725753e-06,1.0740447098663916e-08,10012060.22575235,10087137.329895947
0.0225563909774436,0.0009984759539399,2.255639097744361,1.433667837409681e-06,1.445302871900171e-06,1.1635034490489942e-08,10015263.72321782,10082997.737018624
0.025062656641604,0.0009981191340493,2.506265664160401,1.6308020256355675e-06,1.6432409411062954e-06,1.243891547072766e-08,10018844.102738049,10079444.27021994
0.0275689223057644,0.0009977250507633,2.756892230576441,1.8355210832843375e-06,1.8486757880691988e-06,1.31547047848611e-08,10022801.364313038,10076475.74761458
0.0300751879699248,0.0009972937926368,3.007518796992481,2.047829733188758e-06,2.061614735285291e-06,1.3785002096532741e-08,10027135.50794279,10074090.94403114
0.0325814536340852,0.000996825456458,3.258145363408521,2.2677326981815943e-06,2.2820650896268485e-06,1.4332391445254186e-08,10031846.5336273,10072288.59103039
0.0350877192982456,0.0009963201471941,3.508771929824561,2.4952347010956138e-06,2.510034141799985e-06,1.4799440704371774e-08,10036934.441366574,10071067.376942232
0.037593984962406,0.0009957779779328,3.7593984962406015,2.7303404647635826e-06,2.74552916580326e-06,1.5188701039677424e-08,10042399.231160607,10070425.94692246
0.0401002506265664,0.0009951990698197,4.010025062656641,2.9730547120182667e-06,2.9885574183871177e-06,1.5502706368851054e-08,10048240.903009402,10070362.903029231
0.0426065162907268,0.0009945835519904,4.260651629072681,3.223382165692433e-06,3.2391261385143864e-06,1.5743972821953535e-08,10054459.45691296,10070876.804319348
0.0451127819548872,0.0009939315614991,4.511278195488721,3.481327548618848e-06,3.497242546822137e-06,1.591499820328972e-08,10061054.892871276,10071966.166964725
0.0476190476190476,0.0009932432432432,4.761904761904762,3.7468955836302775e-06,3.762913845085082e-06,1.60182614548046e-08,10068027.210884351,10073629.464389076
0.050125313283208,0.0009925187498831,5.012531328320802,4.020090993559489e-06,4.036147215680895e-06,1.6056222121406456e-08,10075376.410952194,10075865.127425414
0.0526315789473684,0.0009917582417582,5.263157894736842,4.300918501239248e-06,4.316949821057561e-06,1.6031319818313593e-08,10083102.493074792,10078671.544493888
0.0551378446115288,0.0009909618867994,5.513784461152882,4.589382829502321e-06,4.605328803203085e-06,1.594597370076384e-08,10091205.457252152,10082047.061800577
0.0576441102756892,0.0009901298604373,5.764411027568922,4.885488701181475e-06,4.901291283117905e-06,1.5802581936430354e-08,10099685.303484274,10085989.98355754
0.0601503759398496,0.0009892623455064,6.015037593984962,5.189240839109476e-06,5.204844360290099e-06,1.5603521180622862e-08,10108542.031771155,10090498.57222368
0.06265664160401,0.0009883595321463,6.265664160401002,5.50064396611909e-06,5.515995112173785e-06,1.5351146054694945e-08,10117775.6421128,10095571.048767127
0.0651629072681704,0.000987421617699,6.516290726817042,5.819702805043085e-06,5.834750593670962e-06,1.504778862787756e-08,10127386.134509204,10101205.592949027
0.0676691729323308,0.0009864488066027,6.7669172932330826,6.146422078714226e-06,6.161117836617014e-06,1.469575790278784e-08,10137373.50896037,10107400.34362884
0.0701754385964912,0.000985441310282,7.017543859649122,6.48080650996528e-06,6.495103849270181e-06,1.4297339304901154e-08,10147737.765466295,10114153.399091337
0.0726817042606516,0.0009843993470356,7.268170426065162,6.822860821629012e-06,6.836715615805266e-06,1.3854794176254116e-08,10158478.904026983,10121462.817395285
0.075187969924812,0.00098332314192,7.518796992481203,7.172589736538191e-06,7.18596009581183e-06,1.3370359273639392e-08,10169596.92464243,10129326.616743978
0.0776942355889724,0.0009822129266306,7.769423558897243,7.529997977525582e-06,7.542844223797241e-06,1.2846246271659084e-08,10181091.82731264,10137742.775877852
0.0802005012531328,0.0009810689393799,8.020050125313283,7.89509026742395e-06,7.907374908694666e-06,1.228464127071549e-08,10192963.612037614,10146709.23448876
0.0827067669172932,0.0009798914247728,8.270676691729323,8.267871329066066e-06,8.279559033376495e-06,1.1687704310429638e-08,10205212.278817344,10156223.89365654
0.0852130325814536,0.0009786806336794,8.521303258145362,8.64834588528469e-06,8.659403454173287e-06,1.105756888859602e-08,10217837.827651836,10166284.616307396
0.087719298245614,0.0009774368231046,8.771929824561402,9.036518658912594e-06,9.046915000398686e-06,1.039634148609114e-08,10230840.25854109,10176889.227694605
0.0902255639097744,0.0009761602560565,9.022556390977442,9.432394372782542e-06,9.442100473880437e-06,9.706101097894237e-09,10244219.571485106,10188035.515901089
0.0927318295739348,0.0009748512014108,9.273182957393484,9.8359777497273e-06,9.844966648497855e-06,8.988898770558157e-09,10257975.76648388,10199721.232364168
0.0952380952380952,0.0009735099337748,9.523809523809524,1.0247273512579635e-05,1.0255520269726014e-05,8.246757146378596e-09,10272108.843537414,10211944.09242236
0.0977443609022556,0.0009721367333479,9.774436090225564,1.0666286384172311e-05,1.0673768054186912e-05,7.481670014598753e-09,10286618.802645711,10224701.775884164
0.100250626566416,0.0009707318857811,10.025062656641603,1.1093021087338102e-05,1.1099716689207933e-05,6.695601869830737e-09,10301505.64380877,10237991.927618952
0.1027568922305764,0.000969295682034,10.275689223057643,1.1527482344909768e-05,1.1533372832387806e-05,5.890487478037577e-09,10316769.367026588,10251812.158169571
0.1052631578947368,0.0009678284182305,10.526315789473683,1.1969674879720076e-05,1.19747431111704e-05,5.068231450324875e-09,10332409.972299168,10266160.044387022
0.1077694235588972,0.0009663303955131,10.776942355889725,1.2419603414601793e-05,1.2423834122426658e-05,4.230707824865674e-09,10348427.45962651,10281033.13008681
0.1102756892230576,0.0009648019198952,11.027568922305765,1.2877272672387686e-05,1.288065243204479e-05,3.379759657104225e-09,10364821.829008613,10296428.926726898
0.112781954887218,0.0009632433021128,11.278195488721805,1.334268737591052e-05,1.3345204574529151e-05,2.5171986186316766e-09,10381593.080445474,10312344.914107263
0.1152882205513784,0.0009616548574742,11.528822055137844,1.3815852248003064e-05,1.381749705260806e-05,1.644804604994569e-09,10398741.213937098,10328778.541090958
0.1177944862155388,0.0009600369057095,11.779448621553884,1.429677201149808e-05,1.429753633685072e-05,7.643253526377431e-10,10416266.229483483,10345727.226346258
0.1203007518796992,0.0009583897708186,12.030075187969924,1.4785451389228345e-05,1.47853288652936e-05,1.2252393474222688e-10,10434168.12708463,10363188.359110037
0.1228070175438596,0.0009567137809187,12.280701754385964,1.528189510402661e-05,1.5280881043076504e-05,1.014060950106101e-09,10452446.906740537,10381159.29997206
0.12531328320802,0.0009550092680907,12.531328320802004,1.5786107878725654e-05,1.578419924208866e-05,1.908636636992834e-09,10471102.568451202,10399637.381680088
0.1278195488721804,0.0009532765682259,12.781954887218044,1.6298094436158236e-05,1.629528980062487e-05,2.804635533367518e-09,10490135.112216633,10418619.909965232
0.1303258145363408,0.000951516020871,13.032581453634084,1.6817859499157124e-05,1.6814159023052364e-05,3.7004761047594397e-09,10509544.53803682,10438104.16438809
0.1328320802005012,0.0009497279690743,13.283208020050123,1.7345407790555085e-05,1.734081317948814e-05,4.594611066946057e-09,10529330.84591177,10458087.399204452
0.1353383458646616,0.0009479127592304,13.533834586466163,1.7880744033184888e-05,1.7875258505487467e-05,5.485527697420571e-09,10549494.035841482,10478566.844251309
0.137844611528822,0.0009460707409256,13.784461152882203,1.84238729498793e-05,1.841750120174349e-05,6.371748135810786e-09,10570034.107825955,10499539.705851924
0.1403508771929824,0.0009442022667829,14.035087719298245,1.8974799263471083e-05,1.8967547433798345e-05,7.251829672741075e-09,10590951.06186519,10521003.16774064
0.1428571428571428,0.0009423076923076,14.285714285714285,1.9533527696793005e-05,1.952540333176605e-05,8.124365026954442e-09,10612244.897959184,10542954.392006395
0.1453634085213032,0.0009403873757331,14.536340852130325,2.0100062972677827e-05,2.00910749900672e-05,8.987982610630355e-09,10633915.616107935,10565390.520054927
0.1478696741854636,0.0009384416778665,14.786967418546364,2.0674409813958328e-05,2.0664568467175904e-05,9.841346782423974e-09,10655963.216311457,10588308.673589293
0.150375939849624,0.0009364709619355,15.037593984962406,2.1256572943467268e-05,2.124588978537914e-05,1.0683158088128545e-08,10678387.698569734,10611705.955608465
0.1528822055137844,0.0009344755934352,15.288220551378446,2.184655708403741e-05,2.1835044930548743e-05,1.1512153488666176e-08,10701189.06288277,10635579.451423535
0.1553884711779448,0.0009324559399764,15.538847117794486,2.2444366958501523e-05,2.2432039851926197e-05,1.2327106575329066e-08,10724367.30925057,10659926.229691057
0.1578947368421052,0.000930412371134,15.789473684210526,2.3050007289692373e-05,2.303688046192042e-05,1.3126827771952733e-08,10747922.43767313,10684743.343463251
0.1604010025062656,0.0009283452582964,16.040100250626566,2.366348280044273e-05,2.3649572635918985e-05,1.3910164523750129e-08,10771854.44815045,10710027.831254823
0.162907268170426,0.0009262549745165,16.290726817042607,2.428479821358536e-05,2.427012221211272e-05,1.4676001472637313e-08,10796163.340682536,10735776.71812573
0.1654135338345864,0.0009241418943628,16.541353383458645,2.491395825195302e-05,2.4898534991333906e-05,1.5423260619118386e-08,10820849.115269374,10761987.016779387
0.1679197994987468,0.000922006393773,16.791979949874687,2.555096763837849e-05,2.553481673690832e-05,1.615090147016727e-08,10845911.771910982,10788655.728676064
0.1704260651629072,0.0009198488499072,17.042606516290725,2.6195831095694525e-05,2.6178973174521605e-05,1.6857921172920012e-08,10871351.310607344,10815779.845161293
0.1729323308270676,0.0009176696410043,17.293233082706767,2.6848553346733896e-05,2.683100999209953e-05,1.7543354634363912e-08,10897167.73135847,10843356.348608008
0.175438596491228,0.0009154691462383,17.543859649122805,2.750913911432937e-05,2.749093283970276e-05,1.820627462661696e-08,10923361.034164358,10871382.213572567
0.1779448621553884,0.0009132477455772,17.794486215538846,2.817759312131372e-05,2.8158747329436243e-05,1.8845791877475647e-08,10949931.219025008,10899854.407964036
0.1804511278195488,0.0009110058196425,18.045112781954884,2.88539200905197e-05,2.883445903537341e-05,1.9461055146288793e-08,10976878.285940414,10928769.894226128
0.1829573934837092,0.0009087437495718,18.29573934837093,2.953812474478008e-05,2.9518073493494948e-05,2.0051251285133643e-08,11004202.234910583,10958125.630531045
0.1854636591478696,0.0009064619168816,18.546365914786968,3.0230211806927635e-05,3.0209596201643005e-05,2.06156052846302e-08,11031903.065935517,10987918.571985291
0.18796992481203,0.0009041607033326,18.79699248120301,3.093018599979512e-05,3.0909032619490264e-05,2.1153380304854552e-08,11059980.779015208,11018145.671846172
0.1904761904761904,0.0009018404907975,19.047619047619047,3.163805204621531e-05,3.161638816852446e-05,2.1663877690849685e-08,11088435.374149658,11048803.882748794
0.1929824561403508,0.0008995016611295,19.29824561403509,3.235381466902097e-05,3.233166823204845e-05,2.2146436972520523e-08,11117266.851338873,11079890.157943305
0.1954887218045112,0.0008971445960338,19.548872180451127,3.3077478591044855e-05,3.3054878155195566e-05,2.2600435849289013e-08,11146475.210582849,11111401.452540692
0.1979949874686716,0.0008947696769407,19.799498746867165,3.3809048535119745e-05,3.378602324496084e-05,2.3025290158906427e-08,11176060.451881584,11143334.724767871
0.200501253132832,0.0008923772848806,20.050125313283207,3.454852922407841e-05,3.452510877024797e-05,2.3420453830439608e-08,11206022.57523508,11175686.937230442
0.2030075187969924,0.0008899678003622,20.30075187969925,3.529592538075359e-05,3.52721399619321e-05,2.37854188214889e-08,11236361.580643335,11208455.05818292
0.2055137844611528,0.0008875416032513,20.551378446115287,3.6051241727978086e-05,3.6027122012938706e-05,2.4119715039380208e-08,11267077.468106356,11241636.062805807
0.2080200501253132,0.0008850990726532,20.80200501253133,3.681448298858465e-05,3.6790060078338285e-05,2.4422910246365066e-08,11298170.237624131,11275226.93448853
0.2105263157894736,0.000882640586797,21.052631578947366,3.758565388540603e-05,3.756095927545738e-05,2.4694609948652534e-08,11329639.889196675,11309224.666117962
0.213032581453634,0.0008801665229217,21.303258145363408,3.836475914127502e-05,3.833982468400566e-05,2.4934457269361053e-08,11361486.422823977,11343626.26137172
0.2155388471177944,0.0008776772571655,21.55388471177945,3.915180347902438e-05,3.912666134621929e-05,2.5142132805092035e-08,11393709.83850604,11378428.736015294
0.2180451127819548,0.0008751731644567,21.804511278195488,3.994679162148687e-05,3.992147426702057e-05,2.5317354466294656e-08,11426310.136242865,11413629.119202876
0.2205513784461152,0.0008726546184078,22.05513784461153,4.074972829149525e-05,4.072426841419377e-05,2.545987730148279e-08,11459287.316034447,11449224.454780355
0.2230576441102756,0.0008701219912113,22.305764411027567,4.15606182118823e-05,4.153504871857756e-05,2.55694933047417e-08,11492641.377880791,11485211.802590871
0.225563909774436,0.0008675756535386,22.55639097744361,4.237946610548079e-05,4.235382007427356e-05,2.564603120722917e-08,11526372.321781898,11521588.239780998
0.2280701754385964,0.0008650159744408,22.807017543859647,4.320627669512346e-05,4.3180587338871376e-05,2.5689356252088397e-08,11560480.147737766,11558350.862107793
0.2305764411027568,0.0008624433212527,23.05764411027569,4.404105470364311e-05,4.4015355333690136e-05,2.5699369952975764e-08,11594964.855748393,11595496.785245566
0.2330827067669172,0.0008598580594983,23.308270676691727,4.488380485387248e-05,4.4858128844035975e-05,2.56760098365087e-08,11629826.44581378,11633023.146091413
0.2355889724310776,0.0008572605528003,23.55889724310777,4.573453186864436e-05,4.570891261947647e-05,2.5619249167887928e-08,11665064.917933932,11670927.104069412
0.238095238095238,0.0008546511627906,23.809523809523807,4.659324047079149e-05,4.656771137413086e-05,2.552909666062947e-08,11700680.272108844,11709205.84243197
0.2406015037593984,0.0008520302490246,24.06015037593985,4.745993538314666e-05,4.743452978697696e-05,2.5405596169701545e-08,11736672.508338517,11747856.569558214
0.2431077694235588,0.0008493981688968,24.31077694235589,4.833462132854262e-05,4.830937250217401e-05,2.5248826368608483e-08,11773041.626622949,11786876.52024829
0.2456140350877192,0.0008467552775605,24.561403508771928,4.921730302981214e-05,4.919224412940188e-05,2.5058900410259105e-08,11809787.626962142,11826262.957012689
0.2481203007518796,0.0008441019278488,24.81203007518797,5.010798520978799e-05,5.008314924421645e-05,2.4835965571538105e-08,11846910.509356096,11866013.17135648
0.2506265664160401,0.0008414384701983,25.062656641604008,5.1006672591302944e-05,5.098209238842087e-05,2.4580202882075247e-08,11884410.273804812,11906124.485056847
0.2531328320802005,0.0008387652525763,25.31328320802005,5.191336989718975e-05,5.188907807045298e-05,2.429182673677183e-08,11922286.92030829,11946594.251433851
0.2556390977443609,0.0008360826204093,25.563909774436087,5.28280818502812e-05,5.280411076578829e-05,2.3971084492911167e-08,11960540.448866528,11987419.85661292
0.2581453634085213,0.0008333909165148,25.81453634085213,5.375081317341003e-05,5.372719491735923e-05,2.3618256050795956e-08,11999170.859479524,12028598.720779264
0.2606516290726817,0.0008306904810356,26.065162907268167,5.468156858940902e-05,5.465833493598963e-05,2.3233653419389772e-08,12038178.152147286,12070128.299422557
0.2631578947368421,0.0008279816513761,26.31578947368421,5.562035282111095e-05,5.5597535200844834e-05,2.2817620266115717e-08,12077562.326869806,12112006.084571276
0.2656641604010025,0.0008252647621417,26.56641604010025,5.6567170591348565e-05,5.6544800059897245e-05,2.237053145132025e-08,12117323.383647086,12154229.606016498
0.2681704260651629,0.0008225401450802,26.81704260651629,5.752202662295464e-05,5.750013383040732e-05,2.18927925473212e-08,12157461.322479129,12196796.432523737
0.2706766917293233,0.0008198081290262,27.06766917293233,5.8484925638761947e-05,5.846354079941938e-05,2.138483934256816e-08,12197976.143365934,12239704.173032254
0.2731829573934837,0.0008170690398472,27.31829573934837,5.945587236160325e-05,5.943502522427244e-05,2.0847137330813878e-08,12238867.846307496,12282950.477841066
0.2756892230576441,0.0008143232003928,27.56892230576441,6.04348715143113e-05,6.041459133312591e-05,2.0280181185398193e-08,12280136.431303823,12326533.039781014
0.2781954887218045,0.0008115709304459,27.819548872180448,6.142192781971889e-05,6.140224332549985e-05,1.9684494219037504e-08,12321781.898354908,12370449.595371958
0.2807017543859649,0.0008088125466766,28.07017543859649,6.241704600065878e-05,6.239798537282971e-05,1.9060627829065646e-08,12363804.247460756,12414697.925964354
0.2832080200501253,0.0008060483625979,28.32080200501253,6.34202307799637e-05,6.340182161903501e-05,1.84091609286885e-08,12406203.478621364,12459275.858864589
0.2857142857142857,0.0008032786885245,28.57142857142857,6.443148688046648e-05,6.441375618110225e-05,1.7730699364225367e-08,12448979.591836736,12504181.268443028
0.2882205513784461,0.0008005038315332,28.82205513784461,6.545081902499983e-05,6.543379314968159e-05,1.702587531824209e-08,12492132.587106865,12549412.077224407
0.2907268170426065,0.0007977240954256,29.07268170426065,6.647823193639654e-05,6.6461936589697e-05,1.6295346699538265e-08,12535662.464431755,12594966.256959584
0.2932330827067669,0.0007949397806938,29.32330827067669,6.751373033748938e-05,6.749819054096976e-05,1.5539796519622572e-08,12579569.223811409,12640841.829677995
0.2957393483709273,0.0007921511844874,29.57393483709273,6.855731895111112e-05,6.854255901885487e-05,1.475993225624544e-08,12623852.86524582,12687036.868719855
0.2982456140350877,0.000789358600583,29.82456140350877,6.96090025000945e-05,6.959504601489063e-05,1.3956485203867076e-08,12668513.388734994,12733549.499747911
0.3007518796992481,0.0007865623193561,30.07518796992481,7.066878570727231e-05,7.06556554974604e-05,1.3130209811914673e-08,12713550.794278927,12780377.90173748
0.3032581453634085,0.0007837626277544,30.32581453634085,7.17366732954773e-05,7.172439141246675e-05,1.228188301055774e-08,12758965.081877626,12827520.30794434
0.3057644110275689,0.0007809598092743,30.57644110275689,7.281266998754227e-05,7.280125768401765e-05,1.1412303524624954e-08,12804756.251531083,12874975.006849673
0.3082706766917293,0.000778154143938,30.82706766917293,7.389678050629994e-05,7.388625821512431e-05,1.0522291175635476e-08,12850924.3032393,12922740.343081703
0.3107769423558897,0.000775345908274,31.07769423558897,7.498900957458312e-05,7.497939688841046e-05,9.612686172662949e-09,12897469.23700228,12970814.718312625
0.3132832080200501,0.0007725353752984,31.32832080200501,7.608936191522455e-05,7.60806775668327e-05,8.684348391856068e-09,12944391.052820018,13019196.592131102
0.3157894736842105,0.0007697228144989,31.57894736842105,7.7197842251057e-05,7.719010409441137e-05,7.738156645632093e-09,12991689.75069252,13067884.482888712
0.3182957393483709,0.0007669084918203,31.82957393483709,7.831445530491325e-05,7.830768029697246e-05,6.775007940784412e-09,13039365.330619784,13116876.968520705
0.3208020050125313,0.0007640926696519,32.08020050125313,7.943920579962603e-05,7.943340998289895e-05,5.795816727089775e-09,13087417.792601803,13166172.687339278
0.3233082706766917,0.000761275606817,32.33082706766917,8.057209845802816e-05,8.05672969438925e-05,4.801514135656273e-09,13135847.136638587,13215770.338800067
0.3258145363408521,0.0007584575585633,32.581453634085214,8.171313800295238e-05,8.17093449557441e-05,3.7930472082724304e-09,13184653.362730132,13265668.684239924
0.3283208020050125,0.0007556387765563,32.83208020050125,8.286232915723143e-05,8.285955777911416e-05,2.771378117269528e-09,13233836.47087644,13315866.54758658
0.3308270676691729,0.0007528195088734,33.08270676691729,8.401967664369811e-05,8.401793916032102e-05,1.737483377089793e-09,13283396.461077506,13366362.816038623
0.3333333333333333,0.00075,33.33333333333333,8.518518518518518e-05,8.518449283213796e-05,6.923530472216109e-10,13333333.333333334,13417156.440715848
0.3358395989974937,0.0007471804908269,33.583959899749374,8.635885950452542e-05,8.63592225145984e-05,3.630100729832153e-10,13383647.08764392,13468246.4372795
0.3383458646616541,0.00074436121865,33.83458646616541,8.754070432455155e-05,8.754213191580785e-05,1.4275912562955763e-09,13434337.724009272,13519631.886520948
0.3408521303258145,0.0007415424171708,34.08521303258145,8.873072436809639e-05,8.873322473276406e-05,2.500364667672476e-09,13485405.24242938,13571311.934919683
0.3433583959899749,0.0007387243164986,34.335839598997495,8.992892435799268e-05,8.993250465218345e-05,3.580294190771451e-09,13536849.642904252,13623285.7951689
0.3458646616541353,0.0007359071431543,34.58646616541353,9.11353090170732e-05,9.113997535133377e-05,4.666334260577183e-09,13588670.925433883,13675552.746668948
0.3483709273182957,0.0007330911200751,34.83709273182957,9.234988306817068e-05,9.235564049887322e-05,5.757430702546876e-09,13640869.09001828,13728112.135987664
0.3508771929824561,0.0007302764666217,35.08771929824561,9.357265123411792e-05,9.357950375569458e-05,6.852521576661643e-09,13693444.136657434,13780963.377287513
0.3533834586466165,0.0007274633985852,35.338345864661655,9.480361823774768e-05,9.481156877577512e-05,7.950538027441017e-09,13746396.065351348,13834105.952718996
0.3558897243107769,0.000724652128197,35.58897243107769,9.604278880189274e-05,9.60518392070304e-05,9.050405137657285e-09,13799724.876100024,13887539.41277968
0.3583959899749373,0.0007218428641384,35.83959899749373,9.729016764938584e-05,9.730031869217324e-05,1.0151042787389535e-08,13853430.568903465,13941263.37663878
0.3609022556390977,0.0007190358115523,36.09022556390977,9.854575950305975e-05,9.855701086957576e-05,1.1251366516005037e-08,13907513.14376166,13995277.5324266
0.3634085213032581,0.0007162311720563,36.34085213032581,9.980956908574726e-05,9.982191937413564e-05,1.235028838839612e-08,13961972.600674618,14049581.637488808
0.3659147869674185,0.0007134291437559,36.59147869674185,0.0001010816011202,0.0001010950478381,1.3446717863426112e-08,14016808.939642338,14104175.518605003
0.3684210526315789,0.0007106299212598,36.84210526315789,0.0001023618603294,0.0001023763998921,1.4539562665112898e-08,14072022.16066482,14159059.072170682
0.3709273182957393,0.0007078336956956,37.092731829573935,0.0001036503514362,0.0001036659791658,1.5627729656468754e-08,14127612.26374206,14214232.264343914
0.3734335839598997,0.0007050406547271,37.34335839598997,0.0001049470791632,0.000104963789289,1.6710125713841647e-08,14183579.248874065,14269695.131154211
0.3759398496240601,0.0007022509825717,37.59398496240601,0.0001062520482335,0.0001062698338921,1.7785658603438476e-08,14239923.116060829,14325447.778575355
0.3784461152882205,0.00069946486002,37.84461152882205,0.0001075652633697,0.0001075841166076,1.8853237857807663e-08,14296643.865302352,14381490.3825605
0.3809523809523809,0.0006966824644549,38.095238095238095,0.0001088867292948,0.0001089066410705,1.991177565297225e-08,14353741.49659864,14437823.189040046
0.3834586466165413,0.0006939039698729,38.34586466165413,0.0001102164507316,0.0001102374109193,2.0960187684980285e-08,14411216.009949686,14494446.513882052
0.3859649122807017,0.0006911295469049,38.59649122807017,0.0001115544324029,0.0001115764297969,2.199739404602145e-08,14469067.405355493,14551360.742814347
0.3884711779448621,0.0006883593628392,38.847117794486216,0.0001129006790315,0.0001129237013516,2.302232009906654e-08,14527295.68281606,14608566.331309153
0.3909774436090225,0.0006855935816441,39.097744360902254,0.0001142551953403,0.0001142792292377,2.4033897351029656e-08,14585900.84233139,14666063.804429032
0.3934837092731829,0.0006828323639919,39.34837092731829,0.0001156179860521,0.0001156430171165,2.5031064323463885e-08,14644882.88390148,14723853.75663488
0.3959899749373433,0.0006800758672835,39.59899749373433,0.0001169890558898,0.0001170150686572,2.6012767421061443e-08,14704241.807526331,14781936.85155527
0.3984962406015037,0.0006773242456731,39.849624060150376,0.0001183684095761,0.0001183953875379,2.69779617966166e-08,14763977.613205943,14840313.821717389
0.4010025062656641,0.0006745776500947,40.100250626566414,0.0001197560518339,0.0001197839774461,2.7925612212627643e-08,14824090.30094032,14898985.4682392
0.4035087719298245,0.0006718362282878,40.35087719298245,0.0001211519873861,0.00012118084208,2.8854693898575462e-08,14884579.870729456,14957952.660482978
0.4060150375939849,0.000669100124825,40.6015037593985,0.0001225562209554,0.0001225859851488,2.9764193403811244e-08,14945446.322573349,15017216.335670128
0.4085213032581453,0.0006663694811391,40.852130325814535,0.0001239687572647,0.0001239994103742,3.06531094453348e-08,15006689.656472003,15076777.498457195
0.4110275689223057,0.0006636444355514,41.10275689223057,0.0001253896010369,0.0001254211214907,3.152045374984016e-08,15068309.872425424,15136637.220473124
0.4135338345864661,0.0006609251232999,41.35338345864661,0.0001268187569948,0.0001268511222467,3.2365251890407966e-08,15130306.9704336,15196796.639817985
0.4160401002506265,0.0006582116765687,41.60401002506266,0.0001282562298611,0.0001282894164052,3.318654411509341e-08,15192680.95049654,15257256.96052227
0.4185463659147869,0.000655504224517,41.854636591478695,0.0001297020243588,0.0001297360077449,3.398338617059465e-08,15255431.812614242,15318019.451968651
0.4210526315789473,0.0006528028933092,42.10526315789473,0.0001311561452106,0.0001311909000607,3.475485011681387e-08,15318559.5567867,15379085.448273912
0.4235588972431077,0.0006501078061449,42.35588972431078,0.0001326185971395,0.0001326540971646,3.55000251338832e-08,15382064.183013923,15440456.347633386
0.4260651629072681,0.0006474190832896,42.606516290726816,0.0001340893848681,0.0001341256028865,3.621801832149273e-08,15445945.691295909,15502133.611626456
0.4285714285714285,0.0006447368421052,42.85714285714285,0.0001355685131195,0.000135605421075,3.690795548778317e-08,15510204.081632651,15564118.764483737
0.4310776942355889,0.0006420611970817,43.10776942355889,0.0001370559866163,0.0001370935555983,3.756898193048633e-08,15574839.35402416,15626413.392316677
0.4335839598997493,0.0006393922598679,43.35839598997494,0.0001385518100815,0.0001385900103447,3.8200263206491934e-08,15639851.508470424,15689019.142308228
0.4360902255639097,0.0006367301393038,43.609022556390975,0.0001400559882378,0.0001400947892237,3.8800985892740575e-08,15705240.544971451,15751937.721867042
0.4385964912280701,0.0006340749414519,43.85964912280701,0.0001415685258082,0.0001416078961665,3.937035833470278e-08,15771006.463527238,15815170.897742717
0.4411027568922305,0.0006314267696298,44.11027568922306,0.0001430894275153,0.0001431293351267,3.990761138480199e-08,15837149.264137786,15878720.495104669
0.4436090225563909,0.0006287857244419,44.3609022556391,0.0001446186980821,0.0001446591100813,4.0411999128287886e-08,15903668.946803097,15942588.396583471
0.4461152882205513,0.0006261519038123,44.611528822055135,0.0001461563422315,0.0001461972250311,4.0882799596993766e-08,15970565.511523169,16006776.54127519
0.4486215538847117,0.0006235254030173,44.86215538847117,0.0001477023646861,0.0001477436840016,4.1319315470734126e-08,16037838.958298,16071286.923709411
0.4511278195488721,0.0006209063147179,45.11278195488722,0.0001492567701689,0.0001492984910437,4.1720874765203714e-08,16105489.287127592,16136121.592780694
0.4536340852130325,0.0006182947289928,45.363408521303256,0.0001508195634027,0.0001508616502342,4.208683150629718e-08,16173516.498011949,16201282.650644165
0.4561403508771929,0.0006156907333712,45.614035087719294,0.0001523907491103,0.0001524331656767,4.2416566390577866e-08,16241920.59095106,16266772.251575058
0.4586466165413533,0.0006130944128656,45.86466165413533,0.0001539703320146,0.0001540130415021,4.2709487430784687e-08,16310701.565944936,16332592.600793416
0.4611528822055137,0.0006105058500051,46.11528822055138,0.0001555583168384,0.000155601281869,4.296503058710886e-08,16379859.422993572,16398745.953252964
0.4636591478696741,0.0006079251248682,46.365914786967416,0.0001571547083045,0.0001571978909649,4.3182660382424425e-08,16449394.16209697,16465234.612396233
0.4661654135338345,0.0006053523151158,46.616541353383454,0.0001587595111358,0.0001588028730063,4.33618705016623e-08,16519305.78325513,16532060.928874472
0.4686716791979949,0.0006027874960243,46.8671679197995,0.000160372730055,0.0001604162322394,4.3502184375951306e-08,16589594.28646805,16599227.299234249
0.4711779448621553,0.0006002307405187,47.11779448621554,0.0001619943697851,0.0001620379729408,4.360315574851751e-08,16660259.67173573,16666736.1645702
0.4736842105263157,0.0005976821192052,47.368421052631575,0.0001636244350488,0.000163668099418,4.366436922478129e-08,16731301.93905817,16734590.009144794
0.4761904761904761,0.0005951417004048,47.61904761904761,0.000165262930569,0.0001653066160098,4.368544080434822e-08,16802721.088435374,16802791.35897538
0.4786967418546365,0.0005926095501853,47.86967418546366,0.0001669098610685,0.0001669535270869,4.3666018395490146e-08,16874517.119867336,16871342.78038913
0.4812030075187969,0.0005900857323948,48.1203007518797,0.0001685652312702,0.0001686088370525,4.360578231051709e-08,16946690.033354063,16940246.87854585
0.4837092731829573,0.0005875703086939,48.370927318295735,0.0001702290458969,0.0001702725503426,4.350444574358525e-08,17019239.828895546,17009506.295929953
0.4862155388471177,0.0005850633385885,48.62155388471178,0.0001719013096714,0.0001719446714266,4.336175522823022e-08,17092166.50649179,17079123.71081105
0.4887218045112781,0.0005825648794625,48.87218045112782,0.0001735820273165,0.0001736252048076,4.3177491076658657e-08,17165470.0661428,17149101.835674793
0.4912280701754385,0.0005800749866095,49.122807017543856,0.0001752712035552,0.000175314155023,4.2951467798033446e-08,17239150.50784857,17219443.41562334
0.4937343358395989,0.0005775937132657,49.37343358395989,0.0001769688431101,0.0001770115266446,4.268353449691804e-08,17313207.831609096,17290151.226746656
0.4962406015037593,0.0005751211106414,49.62406015037594,0.0001786749507042,0.0001787173242795,4.237357525182562e-08,17387642.037424386,17361228.07446522
0.4987468671679197,0.0005726572279535,49.87468671679198,0.0001803895310603,0.0001804315525698,4.2021509471813203e-08,17462453.125294436,17432676.791844178
0.5012531328320802,0.0005702021124566,50.125313283208015,0.0001821125889012,0.0001821542161934,4.16272922320964e-08,17537641.09521925,17504500.23787983
0.5037593984962405,0.0005677558094749,50.37593984962405,0.0001838441289497,0.0001838853198643,4.119091458871203e-08,17613205.94719882,17576701.295758884
0.506265664160401,0.0005653183624335,50.6265664160401,0.0001855841559287,0.0001856248683326,4.0712403869897424e-08,17689147.681233156,17649282.87109129
0.5087719298245614,0.0005628898128898,50.877192982456144,0.0001873326745611,0.000187372866385,4.019182394616517e-08,17765466.297322255,17722247.89011658
0.5112781954887218,0.0005604702005639,51.127819548872175,0.0001890896895696,0.000189129318845,3.96292754776097e-08,17842161.79546611,17795599.297885306
0.5137844611528821,0.0005580595633702,51.37844611528821,0.000190855205677,0.0001908942305732,3.902489613795759e-08,17919234.175664723,17869340.05641493
0.5162907268170426,0.0005556579374469,51.62907268170426,0.0001926292276063,0.0001926676064671,3.8378860815443175e-08,17996683.437918104,17943473.14282203
0.518796992481203,0.0005532653571875,51.8796992481203,0.0001944117600802,0.000194449451462,3.76913817904008e-08,18074509.58222624,18018001.547430288
0.5213032581453634,0.0005508818552698,52.130325814536334,0.0001962028078216,0.0001962397705305,3.6962708888435565e-08,18152712.608589143,18092928.271855608
0.5238095238095237,0.0005485074626865,52.38095238095237,0.0001980023755533,0.000198038568683,3.619312961028356e-08,18231292.5170068,18168256.327068623
0.5263157894736842,0.0005461422087745,52.63157894736842,0.0001998104679982,0.0001998458509674,3.5382969236383245e-08,18310249.307479225,18243988.73143576
0.5288220551378446,0.0005437861212444,52.88220551378446,0.000201627089879,0.0002016616224699,3.453259090724185e-08,18389582.98000641,18320128.50873801
0.531328320802005,0.0005414392262093,53.1328320802005,0.0002034522459187,0.0002034858883143,3.3642395679190544e-08,18469293.534588348,18396678.68617052
0.5338345864661653,0.000539101548214,53.38345864661653,0.00020528594084,0.0002053186536625,3.271282255379337e-08,18549380.971225053,18473642.29232071
0.5363408521303258,0.0005367731102636,53.63408521303258,0.0002071281793657,0.0002071599237142,3.174434848310565e-08,18629845.28991652,18551022.35512828
0.5388471177944862,0.0005344539338516,53.88471177944862,0.0002089789662188,0.0002090097037071,3.0737488348667576e-08,18710686.490662742,18628821.899825763
0.5413533834586466,0.0005321440389879,54.13533834586466,0.000210838306122,0.0002108679989169,2.9692794913745074e-08,18791904.57346373,18707043.9468609
0.5438596491228069,0.000529843444227,54.38596491228069,0.0002127062037981,0.0002127348146569,2.861085875177248e-08,18873499.53831948,18785691.50980268
0.5463659147869674,0.0005275521666948,54.63659147869674,0.0002145826639701,0.0002146101562783,2.749230814563016e-08,18955471.385229997,18864767.593229078
0.5488721804511278,0.0005252702221166,54.88721804511278,0.0002164676913608,0.0002164940291697,2.633780896203969e-08,19037820.11419526,18944275.1905999
0.5513784461152882,0.0005229976248435,55.13784461152882,0.0002183612906928,0.0002183864387573,2.5148064499070812e-08,19120545.72521529,19024217.282113586
0.5538847117794485,0.0005207343878792,55.38847117794485,0.0002202634666892,0.0002202873905045,2.3923815306434908e-08,19203648.218290083,19104596.83254976
0.556390977443609,0.0005184805229064,55.639097744360896,0.0002221742240728,0.0002221968899117,2.266583897813138e-08,19287127.59341964,19185416.78909661
0.5588972431077694,0.0005162360403128,55.88972431077694,0.0002240935675663,0.0002241149425162,2.137494991896467e-08,19370983.85060396,19266680.079166256
0.5614035087719298,0.0005140009492168,56.14035087719298,0.0002260215018926,0.0002260415538917,2.0051999082817875e-08,19455216.98984303,19348389.608196184
0.5639097744360901,0.0005117752574933,56.39097744360902,0.0002279580317745,0.0002279767296482,1.869787368322497e-08,19539827.01113686,19430548.257439222
0.5664160401002506,0.0005095589717983,56.64160401002506,0.0002299031619349,0.0002299204754318,1.7313496876404308e-08,19624813.91448546,19513158.88174172
0.568922305764411,0.0005073520975945,56.89223057644111,0.0002318568970966,0.000231872796924,1.5899827416780482e-08,19710177.69988882,19596224.307311248
0.5714285714285714,0.0005051546391752,57.14285714285714,0.0002338192419825,0.0002338336998417,1.445785928312431e-08,19795918.36734694,19679747.329473745
0.5739348370927317,0.0005029665996891,57.39348370927318,0.0002357902013153,0.0002358031899365,1.2988621279159864e-08,19882035.916859813,19763730.7104223
0.5764411027568922,0.0005007879811639,57.64411027568922,0.0002377697798179,0.0002377812729945,1.1493176602214631e-08,19968530.348427456,19848177.176955704
0.5789473684210527,0.0004986187845303,57.89473684210527,0.0002397579822131,0.0002397679548355,9.97262238668908e-09,20055401.66204986,19933089.41821018
0.581453634085213,0.0004964590096453,58.1453634085213,0.0002417548132238,0.000241763241313,8.428089218035948e-09,20142649.857727025,20018470.08338321
0.5839598997493733,0.000494308655315,58.395989974937336,0.0002437602775728,0.0002437671383134,6.860740616788409e-09,20230274.935458947,20104321.77945065
0.5864661654135338,0.0004921677193177,58.64661654135338,0.0002457743799829,0.0002457796517554,5.271772496242156e-09,20318276.89524563,20190647.068877827
0.5889724310776943,0.0004900361984264,58.89724310776943,0.000247797125177,0.0002478007875896,3.662412590050863e-09,20406655.73708708,20277448.46732555
0.5914786967418546,0.0004879140884308,59.14786967418546,0.0002498285178779,0.0002498305517977,2.033919850792133e-09,20495411.460983288,20364728.44135107
0.593984962406015,0.000485801384159,59.398496240601496,0.0002518685628084,0.0002518689503922,3.8758382083208665e-10,20584544.066934247,20452489.406105064
0.5964912280701754,0.0004836980794997,59.64912280701754,0.0002539172646914,0.0002539159894154,1.2752760263816732e-09,20674053.554939978,20540733.723025687
0.5989974937343359,0.0004816041674229,59.89974937343359,0.0002559746282496,0.0002559716749387,2.953310974463177e-09,20763939.92500047,20629463.69752936
0.6015037593984962,0.000479519640001,60.15037593984962,0.000258040658206,0.0002580360130623,4.645143779986784e-09,20854203.17711572,20718681.57669993
0.6040100250626566,0.0004774444884298,60.401002506265655,0.0002601153592834,0.000260109009914,6.349369417876175e-09,20944843.31128573,20808389.546976667
0.606516290726817,0.0004753787030484,60.6516290726817,0.0002621987362045,0.0002621906716487,8.064555856608906e-09,21035860.327510502,20898589.73184093
0.6090225563909775,0.0004733222733597,60.90225563909775,0.0002642907936923,0.0002642810044474,9.789244860742858e-09,21127254.22579004,20989284.18950354
0.6115288220551378,0.00047127518805,61.15288220551378,0.0002663915364695,0.0002663800145167,1.1521952824071393e-08,21219025.006124333,21080474.910592377
0.6140350877192982,0.0004692374350086,61.403508771929815,0.000268500969259,0.0002684877080874,1.3261171630534092e-08,21311172.668513384,21172163.815841585
0.6165413533834586,0.000467209001347,61.65413533834586,0.0002706190967837,0.0002706040914141,1.5005369544672e-08,21403697.212957207,21264352.753782418
0.6190476190476191,0.0004651898734177,61.90476190476191,0.0002727459237663,0.0002727291707742,1.6752992130976852e-08,21496598.639455784,21357043.49843716
0.6215538847117794,0.000463180036833,62.15538847117794,0.0002748814549297,0.0002748629524665,1.8502463202134306e-08,21589876.948009115,21450237.747015808
0.6240601503759398,0.0004611794764834,62.40601503759397,0.0002770256949967,0.0002770054428109,2.0252185795510604e-08,21683532.138617218,21543937.11761733
0.6265664160401002,0.0004591881765555,62.65664160401002,0.0002791786486901,0.000279156648147,2.2000543179454855e-08,21777564.211280078,21638143.14693475
0.6290726817042607,0.00045720612055,62.90726817042607,0.0002813403207329,0.000281316574833,2.3745899887302625e-08,21871973.165997703,21732857.287966464
0.631578947368421,0.0004552332912988,63.1578947368421,0.0002835107158477,0.000283485229245,2.5486602780815625e-08,21966759.002770085,21828080.90773231
0.6340852130325814,0.0004532696709829,63.40852130325813,0.0002856898387576,0.0002856626177754,2.7220982141864903e-08,22061921.72159722,21923815.28499728
0.6365914786967418,0.0004513152411488,63.65914786967418,0.0002878776941852,0.0002878487468324,2.894735279252011e-08,22157461.32247913,22020061.608001366
0.6390977443609023,0.0004493699827253,63.90977443609023,0.0002900742868534,0.0002900436228381,3.066401524359904e-08,22253377.805415794,22116820.972198144
0.6416040100250626,0.0004474338760402,64.16040100250626,0.0002922796214851,0.0002922472522282,3.2369256871514925e-08,22349671.17040722,22214094.378001228
0.644110275689223,0.0004455069008361,64.4110275689223,0.000294493702803,0.0002944596414499,3.40613531234755e-08,22446341.4174534,22311882.72854005
0.6466165413533834,0.0004435890362865,64.66165413533834,0.0002967165355301,0.0002966807969613,3.5738568750492024e-08,22543388.546554357,22410186.827425044
0.6491228070175439,0.0004416802610114,64.91228070175438,0.0002989481243891,0.00029891072523,3.7399159068089455e-08,22640812.557710063,22509007.376523748
0.6516290726817042,0.0004397805530923,65.16290726817043,0.0003011884741029,0.0003011494327317,3.9041371246290296e-08,22738613.450920533,22608344.973747227
0.6541353383458646,0.0004378898900881,65.41353383458646,0.0003034375893943,0.0003033969259487,4.066344562453491e-08,22836791.22618576,22708200.1108487
0.656641604010025,0.0004360082490489,65.6641604010025,0.0003056954749862,0.0003056532113691,4.226361705706805e-08,22935345.88350576,22808573.17123366
0.6591478696741855,0.0004341356065316,65.91478696741855,0.0003079621356013,0.000307918295485,4.384011628358721e-08,23034277.422880508,22909464.427783597
0.6616541353383458,0.0004322719386134,66.16541353383458,0.0003102375759626,0.0003101921847913,4.5391171328026086e-08,23133585.844310023,23010874.040692624
0.6641604010025062,0.0004304172209064,66.41604010025061,0.0003125218007928,0.0003124748857839,4.6915008924009346e-08,23233271.14779429,23112802.055318344
0.6666666666666666,0.0004285714285714,66.66666666666666,0.0003148148148148,0.0003147664049588,4.8409855968063055e-08,23333333.33333333,23215248.400047272
0.6691729323308271,0.0004267345363311,66.9172932330827,0.0003171166227514,0.0003170667488104,4.987394099727378e-08,23433772.40092713,23318212.884175904
0.6716791979949874,0.0004249065184841,67.16791979949875,0.0003194272293254,0.0003193759238297,5.130549569622124e-08,23534588.35057569,23421695.19580705
0.6741854636591478,0.0004230873489173,67.41854636591478,0.0003217466392597,0.0003216939365033,5.2702756428142736e-08,23635781.182279,23525694.89976308
0.6766917293233082,0.0004212770011193,67.66917293233082,0.0003240748572771,0.0003240207933113,5.4063965792823354e-08,23737350.896037083,23630211.435516216
0.6791979949874687,0.0004194754481929,67.91979949874687,0.0003264118881005,0.0003263565007263,5.538737421018156e-08,23839297.491849925,23735244.115136407
0.681704260651629,0.0004176826628676,68.1704260651629,0.0003287577364526,0.0003287010652111,5.667124152987585e-08,23941620.969717525,23840792.121257428
0.6842105263157894,0.0004158986175115,68.42105263157893,0.0003311124070564,0.0003310544932177,5.7913838665847855e-08,24044321.32963989,23946854.505061712
0.6867167919799498,0.0004141232841434,68.67167919799499,0.0003334759046346,0.0003334167911853,5.911344925580223e-08,24147398.57161701,24053430.18428525
0.6892230576441103,0.000412356634445,68.92230576441104,0.00033584823391,0.0003357879655387,6.026837134649049e-08,24250852.695648897,24160517.94124165
0.6917293233082706,0.0004105986397715,69.17293233082707,0.0003382293996056,0.0003381680226865,6.137691910208841e-08,24354683.70173554,24268116.420867555
0.694235588972431,0.0004088492711639,69.4235588972431,0.0003406194064441,0.0003405569690195,6.243742453875685e-08,24458891.589876942,24376224.12878851
0.6967418546365914,0.0004071084993594,69.67418546365914,0.0003430182591484,0.0003429548109091,6.344823928213342e-08,24563476.360073112,24484839.42940752
0.6992481203007519,0.0004053762948024,69.92481203007519,0.0003454259624412,0.0003453615547049,6.44077363484599e-08,24668438.012324043,24593960.544015214
0.7017543859649122,0.0004036526276556,70.17543859649122,0.0003478425210456,0.0003477772067336,6.531431195010411e-08,24773776.54662973,24703585.54892327
0.7042606516290726,0.0004019374678098,70.42606516290726,0.0003502679396841,0.0003502017732968,6.61663873240668e-08,24879491.96299018,24813712.37362108
0.706766917293233,0.0004002307848949,70.67669172932331,0.0003527022230798,0.0003526352606693,6.696241058260638e-08,24985584.26140539,24924338.798957027
0.7092731829573935,0.0003985325482892,70.92731829573935,0.0003551453759555,0.0003550776750969,6.770085858804134e-08,25092053.441875365,25035462.455343537
0.7117794486215538,0.0003968427271299,71.17794486215539,0.0003575974030339,0.000357529022795,6.838023884864036e-08,25198899.504400093,25147080.820988048
0.7142857142857142,0.0003951612903225,71.42857142857142,0.0003600583090379,0.0003599893099464,6.899909143625064e-08,25306122.44897959,25259191.220149808
0.7167919799498746,0.0003934882065503,71.67919799498746,0.0003625280986903,0.0003624585426994,6.95559909273994e-08,25413722.275613848,25371790.821421813
0.7192982456140351,0.0003918234442836,71.9298245614035,0.000365006776714,0.0003649367271656,7.004954836412752e-08,25521698.984302863,25484876.636041287
0.7218045112781954,0.000390166971789,72.18045112781954,0.0003674943478318,0.0003674238694185,7.047841323607395e-08,25630052.57504664,25598445.516226325
0.7243107769423558,0.0003885187571382,72.43107769423558,0.0003699908167665,0.000369919975491,7.08412754837559e-08,25738783.04784517,25712494.153541
0.7268170426065163,0.0003868787682168,72.68170426065163,0.000372496188241,0.0003724250513735,7.113686752163598e-08,25847890.402698472,25827019.07728889
0.7293233082706767,0.0003852469727328,72.93233082706767,0.0003750104669781,0.0003749391030118,7.136396628200588e-08,25957374.63960653,25942016.652935825
0.731829573934837,0.0003836233382249,73.1829573934837,0.0003775336577006,0.0003774621363053,7.152139527659678e-08,26067235.758569352,26057483.08056181
0.7343358395989974,0.0003820078320711,73.43358395989974,0.0003800657651314,0.0003799941571047,7.16080266801992e-08,26177473.759586938,26173414.393343505
0.7368421052631579,0.0003804004214963,73.68421052631578,0.0003826067939932,0.0003825351712098,7.16227834298951e-08,26288088.642659277,26289806.45606764
0.7393483709273183,0.0003788010735802,73.93483709273183,0.000385156749009,0.0003850851843677,7.156464134613689e-08,26399080.407786384,26406654.9636744
0.7418546365914787,0.0003772097552653,74.18546365914787,0.0003877156349016,0.0003876442022703,7.143263126802936e-08,26510449.05496825,26523955.43983428
0.744360902255639,0.0003756264333644,74.4360902255639,0.0003902834563938,0.0003902122305526,7.122584121029571e-08,26622194.584204867,26641703.235555824
0.7468671679197995,0.0003740510745677,74.68671679197995,0.0003928602182084,0.0003927892747898,7.094341853433822e-08,26734316.99549625,26759893.52782682
0.7493734335839599,0.0003724836454502,74.93734335839599,0.0003954459250682,0.0003953753404961,7.058457213756764e-08,26846816.28884241,26878521.318288703
0.7518796992481203,0.0003709241124787,75.18796992481202,0.0003980405816961,0.0003979704331215,7.014857465910408e-08,26959692.46424331,26997581.431944672
0.7543859649122806,0.000369372442019,75.43859649122805,0.000400644192815,0.0004005745580503,6.96347647006568e-08,27072945.52169898,27117068.51590244
0.7568922305764411,0.0003678286003424,75.6892230576441,0.0004032567631476,0.0004031877205986,6.904254906399225e-08,27186575.461209413,27236977.038151264
0.7593984962406015,0.000366292553632,75.93984962406014,0.0004058782974168,0.0004058099260118,6.83714050029845e-08,27300582.282774605,27357301.286375266
0.7619047619047619,0.00036476426799,76.19047619047619,0.0004085088003455,0.000408441179463,6.762088248992317e-08,27414965.986394554,27478035.366801683
0.7644110275689222,0.0003632437094433,76.44110275689222,0.0004111482766564,0.0004110814860499,6.679060649678308e-08,27529726.57206927,27599173.203086294
0.7669172932330827,0.00036173084395,76.69172932330827,0.0004137967310724,0.0004137308507931,6.588027929004675e-08,27644864.03979874,27720708.53523502
0.7694235588972431,0.0003602256374053,76.94235588972431,0.0004164541683163,0.0004163892786335,6.488968273772384e-08,27760378.38958298,27842634.918563463
0.7719298245614035,0.0003587280556475,77.19298245614034,0.0004191205931109,0.0004190567744303,6.381868063149538e-08,27876269.62142197,27964945.72269402
0.7744360902255638,0.000357238064464,77.44360902255639,0.0004217960101792,0.0004217333429581,6.26672210184533e-08,27992537.735315725,28087634.130591515
0.7769423558897243,0.0003557556295963,77.69423558897243,0.0004244804242438,0.0004244189889053,6.143533854677165e-08,28109182.731264245,28210693.137637477
0.7794486215538847,0.0003542807167463,77.94486215538848,0.0004271738400277,0.0004271137168709,6.012315682222017e-08,28226204.60926753,28334115.55074384
0.7819548872180451,0.000352813291581,78.19548872180451,0.0004298762622538,0.000429817531363,5.873089077416439e-08,28343603.369325567,28457893.98750653
0.7844611528822054,0.0003513533197383,78.44611528822054,0.0004325876956447,0.0004325304367956,5.725884903392577e-08,28461379.01143836,28582020.875399087
0.7869674185463659,0.0003499007668317,78.69674185463658,0.0004353081449233,0.000435252437487,5.5707436322032216e-08,28579531.53560593,28706488.45100714
0.7894736842105263,0.0003484555984555,78.94736842105263,0.0004380376148126,0.0004379835376568,5.407715584490125e-08,28698060.94182825,28831288.75930416
0.7919799498746867,0.00034701778019,79.19799498746866,0.0004407761100353,0.0004407237414236,5.236861169976302e-08,28816967.230105333,28956413.65296851
0.794486215538847,0.0003455872776055,79.4486215538847,0.0004435236353142,0.0004434730528029,5.058251128896167e-08,28936250.40043718,29081854.791743144
0.7969924812030075,0.0003441640562678,79.69924812030075,0.0004462801953722,0.0004462314757045,4.871966774168359e-08,29055910.452823784,29207603.641837277
0.7994987468671679,0.0003427480817423,79.9498746867168,0.0004490457949321,0.0004489990139298,4.678100234175708e-08,29175947.387265157,29333651.475371137
0.8020050125313283,0.0003413393195983,80.20050125313283,0.0004518204387168,0.0004517756711698,4.476754696450518e-08,29296361.20376128,29459989.369864397
0.8045112781954886,0.0003399377354139,80.45112781954886,0.000454604131449,0.0004545614510025,4.268044651690528e-08,29417151.902312163,29586608.207768284
0.8070175438596491,0.0003385432947796,80.7017543859649,0.0004573968778517,0.0004573563568903,4.052096138566341e-08,29538319.48291781,29713498.67604187
0.8095238095238095,0.0003371559633027,80.95238095238095,0.0004601986826476,0.0004601603921777,3.829046988913744e-08,29659863.945578225,29840651.26577281
0.8120300751879699,0.0003357757066114,81.203007518797,0.0004630095505596,0.0004629735600889,3.5990470733976605e-08,29781785.2902934,29968056.271843743
0.8145363408521302,0.0003344024903586,81.45363408521303,0.0004658294863105,0.000465795863725,3.362258547582675e-08,29904083.51706333,30095703.792643685
0.8170426065162907,0.0003330362802256,81.70426065162907,0.0004686584946231,0.0004686273060622,3.11885609829087e-08,30026758.625888024,30223583.72982508
0.8195488721804511,0.000331677041926,81.95488721804512,0.0004714965802204,0.0004714678899485,2.8690271903553978e-08,30149810.616767485,30351685.788107976
0.8220551378446115,0.0003303247412092,82.20551378446115,0.000474343747825,0.0004743176181019,2.6129723133035826e-08,30273239.489701696,30479999.475129794
0.8245614035087718,0.0003289793438639,82.45614035087718,0.0004772000021599,0.0004771764931076,2.3509052286525923e-08,30397045.244690668,30608514.10134277
0.8270676691729323,0.0003276408157217,82.70676691729322,0.0004800653479478,0.0004800445174156,2.0830532168852715e-08,30521227.88173441,30737218.779958293
0.8295739348370927,0.0003263091226603,82.95739348370927,0.0004829397899117,0.0004829216933384,1.8096573246373975e-08,30645787.40083291,30866102.42693955
0.8320802005012531,0.0003249842306067,83.20802005012531,0.0004858233327743,0.0004858080230481,1.5309726119174582e-08,30770723.80198617,30995153.76104129
0.8345864661654134,0.0003236661055405,83.45864661654134,0.0004887159812584,0.0004887035085744,1.2472683991421145e-08,30896037.085194174,31124361.30389908
0.8370927318295739,0.0003223547134968,83.70927318295739,0.000491617740087,0.0004916081518019,9.588285141120397e-09,31021727.250456966,31253713.380166363
0.8395989974937343,0.0003210500205696,83.95989974937343,0.0004945286139828,0.0004945219544674,6.659515386733296e-09,31147794.297774512,31383198.117700998
0.8421052631578947,0.000319751992914,84.21052631578947,0.0004974486076687,0.0004974449181582,3.689510552108699e-09,31274238.227146808,31512803.44780108
0.844611528822055,0.0003184605967498,84.46115288220551,0.0005003777258675,0.0005003770443086,6.815589289775255e-10,31401059.038573872,31642517.10549011
0.8471177944862155,0.0003171757983635,84.71177944862156,0.000503315973302,0.0005033183341983,2.360896267546153e-09,31528256.732055705,31772326.62985277
0.849624060150376,0.0003158975641117,84.9624060150376,0.0005062633546951,0.0005062687889496,5.4342544438977175e-09,31655831.307592288,31902219.364419788
0.8521303258145363,0.0003146258604232,85.21303258145363,0.0005092198747696,0.0005092284095248,8.534755181776633e-09,31783782.76518363,32032182.457604382
0.8546365914786966,0.0003133606538016,85.46365914786966,0.0005121855382484,0.0005121971967242,1.1658475794463184e-08,31912111.104829736,32162202.86318891
0.8571428571428571,0.000312101910828,85.71428571428571,0.0005151603498542,0.0005151751511831,1.4801328893543526e-08,32040816.326530613,32292267.34086238
0.8596491228070176,0.000310849598163,85.96491228070175,0.0005181443143099,0.0005181622733698,1.7959059957369482e-08,32169898.430286244,32422362.45680919
0.8621553884711779,0.0003096036825493,86.21553884711778,0.0005211374363383,0.0005211585635832,2.112724491307085e-08,32299357.41609663,32552474.5843497
0.8646616541353382,0.0003083641308137,86.46616541353383,0.0005241397206623,0.0005241640219501,2.4301287721169816e-08,32429193.28396178,32682589.904631637
0.8671679197994987,0.0003071309098696,86.71679197994987,0.0005271511720047,0.0005271786484227,2.7476417973964704e-08,32559406.03388169,32812694.407374125
0.8696741854636592,0.0003059039867186,86.96741854636592,0.0005301717950884,0.0005302024427769,3.064768850128633e-08,32689995.66585637,32942773.89166325
0.8721804511278195,0.000304683328453,87.21804511278195,0.0005332015946361,0.0005332354046091,3.3809972986229015e-08,32820962.1798858,33072813.96679965
0.8746867167919798,0.0003034689022577,87.46867167919798,0.0005362405753707,0.0005362775333343,3.6957963592916185e-08,32952305.575969998,33202800.05319888
0.8771929824561403,0.0003022606754116,87.71929824561403,0.000539288742015,0.0005393288281836,4.00861686055418e-08,33084025.85410896,33332717.383344077
0.8796992481203008,0.0003010586152903,87.96992481203007,0.0005423460992919,0.000542389288202,4.3188910079446266e-08,33216123.014302675,33462551.002790693
0.8822055137844611,0.0002998626893671,88.22055137844612,0.0005454126519242,0.0005454589122457,4.626032150476921e-08,33348597.05655115,33592285.77122465
0.8847117794486214,0.0002986728652153,88.47117794486215,0.0005484884046348,0.0005485376989802,4.929434548463056e-08,33481447.980854385,33721906.36357305
0.8872180451127819,0.0002974891105094,88.7218045112782,0.0005515733621463,0.0005516256468778,5.2284731427622994e-08,33614675.787212394,33851397.271167375
0.8897243107769424,0.000296311393027,88.97243107769424,0.0005546675291818,0.0005547227542151,5.5225033253965446e-08,33748280.47562516,33980742.80296032
0.8922305764411027,0.0002951396806504,89.22305764411027,0.000557770910464,0.0005578290190711,5.8108607116943815e-08,33882262.046092674,34109927.08679475
0.894736842105263,0.000293973941368,89.4736842105263,0.0005608835107158,0.0005609444393249,6.092860914419259e-08,34016620.49861495,34238934.070726775
0.8972431077694235,0.0002928141432757,89.72431077694235,0.00056400533466,0.0005640690126532,6.367799319155315e-08,34151355.833192,34367747.5244007
0.899749373433584,0.0002916602545782,89.97493734335839,0.0005671363870193,0.000567202736528,6.63495086156889e-08,34286468.04982381,34496351.04047786
0.9022556390977444,0.0002905122435907,90.22556390977444,0.0005702766725168,0.0005703456082149,6.893569806708332e-08,34421957.148510374,34624728.036118224
0.9047619047619048,0.0002893700787401,90.47619047619048,0.0005734261958751,0.0005734976247704,7.142889529962623e-08,34557823.129251696,34752861.754515015
0.9072681704260652,0.0002882337285659,90.72681704260653,0.0005765849618172,0.0005766587830402,7.382122299939061e-08,34694065.99204779,34880735.2664821
0.9097744360902256,0.0002871031617217,90.97744360902256,0.0005797529750658,0.0005798290796564,7.610459063704493e-08,34830685.73689864,35008331.47209478
0.912280701754386,0.0002859783469764,91.2280701754386,0.0005829302403438,0.0005830085110361,7.827069233685372e-08,34967682.36380424,35135633.10238257
0.9147869674185464,0.0002848592532153,91.47869674185462,0.000586116762374,0.0005861970733788,8.031100476963912e-08,35105055.87276461,35262622.721075885
0.9172932330827068,0.0002837458494409,91.72932330827066,0.0005893125458793,0.0005893947626644,8.221678506807694e-08,35242806.26377975,35389282.726403914
0.9197994987468672,0.0002826381047742,91.97994987468672,0.0005925175955825,0.0005926015746513,8.39790687642188e-08,35380933.53684964,35515595.35294613
0.9223057644110276,0.0002815359884556,92.23057644110276,0.0005957319162064,0.0005958175048741,8.558866774956588e-08,35519437.69197429,35641542.67353542
0.924812030075188,0.0002804394698459,92.4812030075188,0.0005989555124738,0.0005990425486421,8.70361682615969e-08,35658318.7291537,35767106.60121354
0.9273182957393484,0.0002793485184268,92.73182957393485,0.0006021883891077,0.0006022767010365,8.831192889360678e-08,35797576.64838788,35892268.89123874
0.9298245614035088,0.0002782631038026,92.98245614035088,0.0006054305508307,0.0006055199569093,8.94060786294816e-08,35937211.44967682,36017011.143144384
0.9323308270676692,0.0002771831957002,93.23308270676692,0.0006086820023658,0.0006087723108807,9.030851490677163e-08,36077223.13302052,36141314.80285019
0.9348370927318296,0.0002761087639701,93.48370927318297,0.0006119427484358,0.0006120337573375,9.100890170415845e-08,36217611.698418975,36265161.164823405
0.93734335839599,0.0002750397785874,93.734335839599,0.0006152127937635,0.0006153042904312,9.149666765862972e-08,36358377.1458722,36388531.37429244
0.9398496240601504,0.0002739762096524,93.98496240601504,0.0006184921430717,0.000618583904076,9.176100420672274e-08,36499519.47538018,36511406.42950911
0.9423558897243108,0.000272918027391,94.23558897243107,0.0006217808010834,0.0006218725919471,9.179086376046292e-08,36641038.68694292,36633767.184063695
0.9448621553884712,0.0002718652021557,94.4862155388471,0.0006250787725212,0.0006251703474791,9.157495790737113e-08,36782934.78056042,36755594.34924789
0.9473684210526316,0.0002708177044261,94.73684210526316,0.0006283860621081,0.0006284771638638,9.110175564310593e-08,36925207.75623269,36876868.49646911
0.949874686716792,0.0002697755048091,94.9874686716792,0.0006317026745669,0.0006317930340485,9.035948163294527e-08,37067857.61395971,36997570.0597124
0.9523809523809524,0.0002687385740402,95.23809523809524,0.0006350286146204,0.0006351179507349,8.933611450666173e-08,37210884.35374149,37117679.3380528
0.9548872180451128,0.0002677068829832,95.48872180451129,0.0006383638869914,0.0006384519063766,8.801938518332181e-08,37354287.97557803,37237176.498215295
0.9573934837092732,0.0002666804026312,95.73934837092732,0.0006417084964029,0.0006417948931781,8.63967752285028e-08,37498068.47946935,37356041.57718338
0.9598997493734336,0.000265659104107,95.98997493734336,0.0006450624475775,0.0006451469030927,8.445551524609556e-08,37642225.86541542,37474254.48485434
0.962406015037594,0.000264642958663,96.2406015037594,0.0006484257452382,0.0006485079278215,8.218258330230845e-08,37786760.13341625,37591795.0067427
0.9649122807017544,0.0002636319376825,96.49122807017542,0.0006517983941077,0.0006518779588111,7.956470338328117e-08,37931671.28347183,37708642.80672969
0.9674185463659148,0.0002626260126792,96.74185463659148,0.000655180398909,0.0006552569872529,7.658834388912794e-08,38076959.315582186,37824777.42985879
0.9699248120300752,0.0002616251552978,96.99248120300751,0.0006585717643648,0.000658645004081,7.32397161632174e-08,38222624.2297473,37940178.30517724
0.9724310776942356,0.0002606293373147,97.24310776942356,0.000661972495198,0.000662041999971,6.950477305506243e-08,38368666.02596717,38054824.748622
0.974937343358396,0.0002596385306378,97.4937343358396,0.0006653825961314,0.0006654479653389,6.536920752202477e-08,38515084.704241805,38168695.96595059
0.9774436090225564,0.0002586527073067,97.74436090225564,0.0006688020718878,0.0006688628903391,6.0818451267557e-08,38661880.2645712,38281771.055715576
0.9799498746867168,0.0002576718394934,97.99498746867168,0.0006722309271901,0.0006722867648635,5.583767341619909e-08,38809052.70695536,38394029.01228213
0.9824561403508772,0.0002566958995022,98.24561403508773,0.0006756691667611,0.0006757195785403,5.041177922608837e-08,38956602.03139427,38505448.728888
0.9849624060150376,0.0002557248597698,98.49624060150374,0.0006791167953237,0.0006791613207325,4.45254088435364e-08,39104528.23788795,38616009.000746064
0.987468671679198,0.0002547586928656,98.7468671679198,0.0006825738176006,0.0006826119805367,3.816293609186679e-08,39252831.32643639,38725688.52818698
0.9899749373433584,0.0002537973714919,98.99749373433583,0.0006860402383147,0.000686071546782,3.1308467304596785e-08,39401511.29703959,38834465.91984368
0.9924812030075189,0.0002528408684838,99.24812030075188,0.0006895160621889,0.0006895400080291,2.3945840193963924e-08,39550568.14969755,38942319.69587374
0.9949874686716792,0.0002518891568095,99.49874686716792,0.0006930012939459,0.0006930173525687,1.605862276433858e-08,39700001.88441027,39049228.2912228
0.9974937343358397,0.0002509422095701,99.74937343358395,0.0006964959383087,0.0006965035684209,7.630112264776258e-09,39849812.50117775,39155170.058924414
1.0,0.00025,100.0,0.0007,0.0006999986433341,1.3566658164715015e-09,40000000.0,39260123.27343893
